{"count":1,"gauges":{"My Behavior.CumulativeReward":{"count":561,"max":-1.4594512,"min":-119.412,"value":-1.4594512,"weightedAverage":-4.285335}},"self":344.57863679999997,"total":597.2838227,"children":{"AgentSendState":{"count":272301,"self":4.7169592,"total":11.477292199999999,"children":{"CollectObservations":{"count":54461,"self":0.37530209999999997,"total":0.37530209999999997,"children":null},"AgentInfo.ToProto":{"count":54461,"self":0.87669749999999991,"total":6.3850307,"children":{"GenerateSensorData":{"count":54461,"self":1.9241511999999998,"total":5.5083332,"children":{"RayPerceptionSensor.Perceive":{"count":54461,"self":3.5841819999999998,"total":3.5841819999999998,"children":null}}}}}}},"DecideAction":{"count":272301,"self":238.416,"total":238.4160107,"children":null},"AgentAct":{"count":272301,"self":2.7296731999999997,"total":2.7306716,"children":{"AgentInfo.ToProto":{"count":4,"self":0,"total":0.0009985,"children":{"GenerateSensorData":{"count":4,"self":0,"total":0.0009985,"children":{"RayPerceptionSensor.Perceive":{"count":4,"self":0.0009985,"total":0.0009985,"children":null}}}}}}},"AgentInfo.ToProto":{"count":557,"self":0.0136367,"total":0.080216799999999991,"children":{"GenerateSensorData":{"count":557,"self":0.0180103,"total":0.0665801,"children":{"RayPerceptionSensor.Perceive":{"count":557,"self":0.048569799999999996,"total":0.048569799999999996,"children":null}}}}}}}