{"count":1,"gauges":{"My Behavior.CumulativeReward":{"count":29165,"max":1,"min":-11.3056755,"value":0.827379,"weightedAverage":0.7374135}},"self":2746.8627968,"total":5383.8879176,"children":{"AgentSendState":{"count":2628901,"self":47.7026944,"total":120.5261341,"children":{"CollectObservations":{"count":525781,"self":3.6892812,"total":3.6892812,"children":null},"AgentInfo.ToProto":{"count":525781,"self":8.5349144,"total":69.1341594,"children":{"GenerateSensorData":{"count":525781,"self":16.899596799999998,"total":60.5992447,"children":{"RayPerceptionSensor.Perceive":{"count":525781,"self":43.699647999999996,"total":43.6996477,"children":null}}}}}}},"DecideAction":{"count":2628901,"self":2485.419008,"total":2485.4189591,"children":null},"AgentAct":{"count":2628901,"self":27.2624608,"total":27.2624623,"children":{"AgentInfo.ToProto":{"count":2,"self":0,"total":0,"children":{"GenerateSensorData":{"count":2,"self":0,"total":0,"children":{"RayPerceptionSensor.Perceive":{"count":2,"self":0,"total":0,"children":null}}}}}}},"AgentInfo.ToProto":{"count":29163,"self":0.6537005,"total":3.8165635,"children":{"GenerateSensorData":{"count":29163,"self":0.8538619,"total":3.1628629999999998,"children":{"RayPerceptionSensor.Perceive":{"count":29163,"self":2.3090012,"total":2.3090010999999997,"children":null}}}}}}}