{"count":1,"gauges":{"My Behavior.CumulativeReward":{"count":362,"max":-1,"min":-1.001,"value":-1.001,"weightedAverage":-1.00099993}},"self":6.7044532,"total":7.0535406,"children":{"AgentSendState":{"count":332,"self":0.043665699999999995,"total":0.045569599999999995,"children":{"CollectObservations":{"count":67,"self":0.0019038999999999998,"total":0.0019038999999999998,"children":null}}},"DecideAction":{"count":332,"self":0.0018127999999999998,"total":0.0018127999999999998,"children":null},"AgentAct":{"count":332,"self":0.30070769999999997,"total":0.30070769999999997,"children":null}}}